sep=,
"publisher_email","page_url","page_version","publisher_type","publisher_team","cta_url_domain","pbase_line","pbase_code","version_note","page_note","stats_access","stats_view","stats_addtocart","stats_initcheckout","stats_checkout","stats_purchase","stats_access_error","stats_initcheckout_error","stats_checkout_error","stats_revenue","stats_purchase_abandon","stats_revenue_abandon","stats_taken_amount","stats_cost_total","stats_tax_amount"
Total: 190,,,,,,,,,,56930,50368,9683,7054,5681,4764,160,,,218403,604,20350,103161,75736,13163
iho@crossian.us,https://bragoddess.com/activabra?--content-version=445xdz8fyie3mz4mvo8zib8jo_0,A,RMKT,,bragoddess.com,Bra,Activa Bra 2.0,Version note 1,"v4.0 - persona già, upsell 10% + 5%",917,920,226,166,134,111,4,,,3952,14,501,2036,1196,229
iho@crossian.us,https://bragoddess.com/activabra?--content-version=445xdz8fyie3mz4mvo8zib8jo_1,B,RMKT,,bragoddess.com,Bra,Activa Bra 2.0,Version note 2,v5.0 - Real sample (no seasonal),5,7,,,,,,,,,,,,,
iho@crossian.us,https://bragoddess.com/aerisoft?--content-version=5vzrqu9ut5fgqylygy7mucfpf_0,A,RMKT,,bragoddess.com,Bra,AeriSoft,Version note 1,v1.3.1 AeriSoft enhanced variant,437,383,48,39,30,24,,,,1069,5,147,581,297,64.9
iho@crossian.us,https://bragoddess.com/airylace?--content-version=6e8nc6ivoul3blv2t4n1yx5yg_0,A,RMKT,,bragoddess.com,Bra,AiryLace 2,Version note 1,V3.3 -RMKT ONLY,9,,,,,,,,,,,,,,
iho@crossian.us,https://bragoddess.com/amberlift?--content-version=577fefgq97czrx07h5b094nfg_0,A,RMKT,,bragoddess.com,Bra,AmberLift2,Version note 1,v1.0 - For RMKT,5,,,,,,,,,,,,,,
iho@crossian.us,https://bragoddess.com/bloomyfit?--content-version=33xb8rywvlzhuxah8tl45xkzf_0,A,RMKT,,bragoddess.com,Panties,BloomyFit,Version note 1,v9.0 - Adding LEAK PROOF feature,43,,,,,,,,,,,,,,
iho@crossian.us,https://bragoddess.com/bloomysmooth?--content-version=61xsw123aa9ymel1ljzqqwoj3_0,A,RMKT,,bragoddess.com,Panties,BloomySmooth,Version note 1,"v1.1 Fake Contract Size 3XL, 4XL",6,,,,,,,,,,,,,,
iho@crossian.us,https://bragoddess.com/braubra?--content-version=52mvfcct29p1h008d9dhrhjoc_0,A,RMKT,,bragoddess.com,Bra,BrauBra3,Version note 1,v1.0 - For RMKT,35,,,,,,1,,,,,,,,
iho@crossian.us,https://bragoddess.com/breezybloom?--content-version=4o75b1wh90xto3omdlgeypyui_0,A,RMKT,,bragoddess.com,Bra,BreezyBloom2,Version note 1,v5.0 (graphic + size chart 10.6.23),156,,,,,,,,,,,,,,
iho@crossian.us,https://bragoddess.com/breezypush?--content-version=1r2x78ji5th4lc00k7rpwbt8u_0,A,RMKT,,bragoddess.com,Bra,BreezyPush,Version note 1,Ver 2.1 - Ver 2.0 full size 7XL,10,,,,,,,,,,,,,,
iho@crossian.us,https://bragoddess.com/bustella?--content-version=135lwmu86hm1pihin9f10gcju_0,A,RMKT,,bragoddess.com,Bra,Bustella,Version note 1,v1.2 - enhance bảng size,1581,1477,399,268,210,165,7,,,6435,32,716,3221,2037,379
iho@crossian.us,https://bragoddess.com/camilace?--content-version=4bvyfqembswvyuuyxk755sy9d_0,A,RMKT,,bragoddess.com,Bra,CamiLace,Version note 1,v2.3 - Graphic optimization (new model) (Quantity),3,1,,,,,,,,,,,,,
iho@crossian.us,https://bragoddess.com/cozilady?--content-version=1371ob3ng1xgu9sy3bn61f105_0,A,RMKT,,bragoddess.com,Bra,CoziLady,Version note 1,"v1.1 - new USP, bảng size sau nghiệm thu",2,,,,,,,,,,,,,,
iho@crossian.us,https://bragoddess.com/cupipads?--content-version=52udxq9engaf2zggayinm50pe_0,A,RMKT,,bragoddess.com,Bra,CupiPads,Version note 1,Q6.4 - New variant images,43,,,,,,,,,,,,,,
iho@crossian.us,https://bragoddess.com/curvylace?--content-version=5t77f4paebsfem7n34n7a6mf_0,A,RMKT,,bragoddess.com,Bra,CurvyLace,Version note 1,v3.0 - real sample,81,93,33,27,23,17,,,,834,5,106,406,280,47.9
iho@crossian.us,https://bragoddess.com/cushycurves?--content-version=7in5n5my0t56sfs214umx7t5n_0,A,RMKT,,bragoddess.com,Bra,CushyCurves,Version note 1,V2.0 - New USP Graphics,122,,,,,,,,,,,,,,
iho@crossian.us,https://bragoddess.com/daintybra?--content-version=6f5rp6r6nh57hfx0s2k05nvb3_0,A,RMKT,,bragoddess.com,Bra,DaintyBra3,Version note 1,v3 - 3.1: Optimise USP image from v3.0,12,,,,,,,,,,,,,,
iho@crossian.us,https://bragoddess.com/daisybra?--content-version=1an7lbxk5t7eebkhhdiuub21k_0,A,RMKT,,bragoddess.com,Bra,Daisy Bra 3,Version note 1,"v3-2.1. No DMCA (Enhance models, variants)",5369,4607,1300,938,759,643,19,,,22728,76,2014,11141,7368,1325
iho@crossian.us,https://bragoddess.com/daisybra_old21nov25?--content-version=4eyyeiz0zq7r52dfsp4kfr5o8_0,A,RMKT,,bragoddess.com,Bra,Daisy Bra 3,Version note 1,"v3-2.1. No DMCA (Enhance models, variants)",2,2,,,,,,,,,,,,,
iho@crossian.us,https://bragoddess.com/daisybra_old21nov25?--content-version=4eyyeiz0zq7r52dfsp4kfr5o8_2,C,RMKT,,bragoddess.com,Bra,Daisy Bra 3,Version note 3,v3-3. New Concept,3,3,,,,,,,,,,,,,
iho@crossian.us,https://bragoddess.com/daisybreezy?--content-version=1mph81uyjsfneh3gzp58aw177_0,A,RMKT,,bragoddess.com,Bra,DaisyBreezy3,Version note 1,v1.0 - For RMKT,7,,,,,,,,,,,,,,
iho@crossian.us,https://bragoddess.com/doveloom?--content-version=cl4x8oppp6mz2mc99ww0gse9_0,A,RMKT,,bragoddess.com,Panties,DoveLoom,Version note 1,v1.0 - NFT,24,1,,,,,1,,,,,,,,
iho@crossian.us,https://bragoddess.com/doveloom?--content-version=cl4x8oppp6mz2mc99ww0gse9_1,B,RMKT,,bragoddess.com,Panties,DoveLoom,Version note 2,v2.0 - USP Optimised,6,7,,,,,,,,,,,,,
iho@crossian.us,https://bragoddess.com/easeblooming?--content-version=39wedemr3ccaxjhbkmpgf5286_0,A,RMKT,,bragoddess.com,Bra,EaseBlooming1,Version note 1,v2.1 - New bra look,1341,1089,301,236,176,140,5,,,5130,27,698,2491,1701,302
iho@crossian.us,https://bragoddess.com/easeblooming?--content-version=39wedemr3ccaxjhbkmpgf5286_1,B,RMKT,,bragoddess.com,Bra,EaseBlooming1,Version note 2,v2.4 - Real Samples,117,259,41,30,28,24,,,,867,2,62.2,426,291,42.1
iho@crossian.us,https://bragoddess.com/elashape?--content-version=6vinaxfacshrc3y00kegv3p61_0,A,RMKT,,bragoddess.com,Shapewear,ElaShape,Version note 1,v6.0 -Revive 29/11/2023,29,,,,,,,,,,,,,,
iho@crossian.us,https://bragoddess.com/elisebra?--content-version=73nkl0nz3cbcqwno6avpxqxsj_0,A,RMKT,,bragoddess.com,Bra,EliseBra2,Version note 1,v4.0 - enhance v1.1,414,434,98,78,60,49,1,,,2030,5,233,1093,582,111
iho@crossian.us,https://bragoddess.com/ellacurve?--content-version=6sxilz8m5iex1w7uxprhhth1l_0,A,RMKT,,bragoddess.com,Bra,EllaCurve3,Version note 1,"v2.10 - v2.7 thêm bảng size cuối USPs, spring sale, theme NFT",267,235,41,24,15,11,1,,,461,2,43.2,239,142,24.0
iho@crossian.us,https://bragoddess.com/ellebloom?--content-version=7kd87fb0wuk8tf3yiwsl1xmgp_0,A,RMKT,,bragoddess.com,Bra,ElleBloom,Version note 1,"v6.1 (size 7, 8XL added) + sale message",997,716,142,113,93,75,2,,,3244,12,431,1700,982,186
iho@crossian.us,https://bragoddess.com/ellielift?--content-version=3j5m0ucwhu0o3gabugtxxgp7q_0,A,RMKT,,bragoddess.com,Bra,EllieLift 2,Version note 1,v2 - v3.2 (real contract - Pin),1,,,,,,1,,,,,,,,
iho@crossian.us,https://bragoddess.com/embraced?--content-version=7dwhmqeyqxuxvc92qcqw2dj16_0,A,RMKT,,bragoddess.com,Bra,Embraced4,Version note 1,v4 - 1.2.1 - copy Embraced2,14,,,,,,,,,,,,,,
iho@crossian.us,https://bragoddess.com/emmabra?--content-version=1hn0mm8gvt96tcl7w7jw39cjy_0,A,RMKT,,bragoddess.com,Bra,EmmaBra 3.1,Version note 1,"v1.2 Emma3.1 - 30-58, A-G",579,427,93,62,47,44,3,,,1713,2,36.2,837,557,107
iho@crossian.us,https://bragoddess.com/evaglowbra?--content-version=l13aiu7u6xv9uqrroxij3eeg_0,A,RMKT,,bragoddess.com,Bra,EvaGlow Bra,Version note 1,v1.3 - winter theme + 3D variant fix,259,223,39,17,14,13,,,,518,1,24.6,280,148,25.9
iho@crossian.us,https://bragoddess.com/exsecret?--content-version=2x1u93qd42v657e0zlka392j0_0,A,RMKT,,bragoddess.com,Bra,ExSecret 4,Version note 1,v4 - 3.0. 45+ models - old version,19,,,,,,,,,,,,,,
iho@crossian.us,https://bragoddess.com/faithbra?--content-version=66jhr394xxrspmngpn71klvyy_0,A,RMKT,,bragoddess.com,Bra,Faith Bra,Version note 1,v2.0. Bảng size nghiệm thu July 7,3,,,,,,,,,,,,,,
iho@crossian.us,https://bragoddess.com/fionabra?--content-version=6z0jmulkn8bmbi9ayy9raaght_0,A,RMKT,,bragoddess.com,Bra,Fiona Bra,Version note 1,v3.1 Fiona Bra (enhanced visuals),395,323,53,35,31,27,,,,1274,1,36.4,678,371,72.6
iho@crossian.us,https://bragoddess.com/fleececozy?--content-version=284a12kvt7za8efukswm4xcmb_0,A,RMKT,,bragoddess.com,Accessories,FleeceCozy,Version note 1,v1.2 - tránh bias sold data của page v1.1 sau khi đặt MOQ,10,,,,,,,,,,,,,,
iho@crossian.us,https://bragoddess.com/fleececozy?--content-version=284a12kvt7za8efukswm4xcmb_1,B,RMKT,,bragoddess.com,Accessories,FleeceCozy,Version note 2,"v2.0 - sửa USP sang hướng comfort, blood circulation",25,49,12,6,7,5,,,,160,1,37.8,97.9,34.1,11.3
iho@crossian.us,https://bragoddess.com/glammere?--content-version=76touyb2422t9r3t2xl0colc2_0,A,RMKT,,bragoddess.com,Accessories,Glammere 2,Version note 1,v8.0 (no DMCA),1,,,,,,,,,,,,,,
iho@crossian.us,https://bragoddess.com/glamorette?--content-version=1fstliqtjkuqshehpjp316grt_0,A,RMKT,,bragoddess.com,Bra,Glamorette 3,Version note 1,v3 - C1.0. New Band-Cup Size chart,236,188,,,,,1,,,,,,,,
iho@crossian.us,https://bragoddess.com/ivylift?--content-version=33qs7tpzunnmc36cfhueb1qoe_0,A,RMKT,,bragoddess.com,Bra,IvyLift,Version note 1,v3.1 - Concept 3.0 & add new sizes 09/2025,352,251,31,23,17,13,,,,533,2,56.8,259,175,33.4
iho@crossian.us,https://bragoddess.com/jennbra?--content-version=6fasleng2ktdtp3a4movov2ru_0,A,RMKT,,bragoddess.com,Bra,JENN BRA2,Version note 1,V1.0 quantity (dup v1.0.3 variant),4,,,,,,1,,,,,,,,
iho@crossian.us,https://bragoddess.com/jessiebra?--content-version=3hcsfdu15mq2qb9bw4xt1veue_0,A,RMKT,,bragoddess.com,Bra,Jessie Bra2,Version note 1,[Quantity] v2.0 - Dup v3.0,35,,,,,,,,,,,,,,
iho@crossian.us,https://bragoddess.com/laceshaper?--content-version=5ifeiv1o7ac1zf7gt10kwnqp0_0,A,RMKT,,bragoddess.com,Shapewear,LaceShaper,Version note 1,v3.0 - Optimise USP + new sizing,2,,,,,,,,,,,,,,
iho@crossian.us,https://bragoddess.com/lacyfit?--content-version=4i2deapuhviw4782l28s97iw1_0,A,RMKT,,bragoddess.com,Panties,LacyFit,Version note 1,v1.0 - NFT,1,,,,,,,,,,,,,,
iho@crossian.us,https://bragoddess.com/ladicurve?--content-version=4paf4t37td6ptj5qytqoh844i_0,A,RMKT,,bragoddess.com,Bra,LadiCurve,Version note 1,v1.1 (Graphic + Bundles),2,,,,,,,,,,,,,,
iho@crossian.us,https://bragoddess.com/lamusebra?--content-version=4435f5g4d267vnjvutgn359eb_0,A,RMKT,,bragoddess.com,Bra,LaMuse Bra2,Free shipping when buy 2+,v10.0. New USP images,70,,,,,,,,,,,,,,
iho@crossian.us,https://bragoddess.com/liftcharm?--content-version=3frfsjswvftwfuzjqsxb2agqx_0,A,RMKT,,bragoddess.com,Bra,LiftCharm,Version note 1,"v2.2- Flow comfort, enhance visual (mẫu già, đổi ảnh ở description, bổ sung VAP))",38,49,13,13,7,7,,,,342,0,0,177,109,15.0
iho@crossian.us,https://bragoddess.com/lucilift?--content-version=1rh8ss41wx5pf4zgoginn541j_0,A,RMKT,,bragoddess.com,Bra,LuciLift3,Version note 1,v1.2 - New size chart,1,,,,,,,,,,,,,,
iho@crossian.us,https://bragoddess.com/lunahug?--content-version=1mx2e4ogsi873k19y7f6yrr7a_0,A,RMKT,,bragoddess.com,Bra,LunaHug,Version note 1,v3.3 LunaHug Thêm VAP Only,345,303,49,41,32,27,,,,1219,4,113,626,365,81.7
iho@crossian.us,https://bragoddess.com/lunahug?--content-version=59hozgq6bd1egnwqi7owpoz0j_0,A,RMKT,,bragoddess.com,Bra,LunaHug,Version note 1,v2.1 LunaHug Lifting & Shaping Enhance Size,130,,,,,,,,,,,,,,
iho@crossian.us,https://bragoddess.com/lunahug?--content-version=59hozgq6bd1egnwqi7owpoz0j_1,B,RMKT,,bragoddess.com,Bra,LunaHug,Version note 2,"v2.2 LunaHug mở size H,I",31,74,20,13,8,8,,,,310,0,0,157,96.7,17.9
iho@crossian.us,https://bragoddess.com/lunahug?--content-version=59hozgq6bd1egnwqi7owpoz0j_2,C,RMKT,,bragoddess.com,Bra,LunaHug,Version note 3,v3.3 LunaHug Thêm VAP Only,20,61,15,8,7,7,,,,301,0,0,153,92.2,18.9
iho@crossian.us,https://bragoddess.com/lunahug_old4feb26?--content-version=59hozgq6bd1egnwqi7owpoz0j_1,B,RMKT,,bragoddess.com,Bra,LunaHug,Version note 2,"v2.2 LunaHug mở size H,I",6,6,,,,,,,,,,,,,
iho@crossian.us,https://bragoddess.com/lunahug_old4feb26?--content-version=59hozgq6bd1egnwqi7owpoz0j_2,C,RMKT,,bragoddess.com,Bra,LunaHug,Version note 3,v3.3 LunaHug Thêm VAP Only,1,1,,,,,,,,,,,,,
iho@crossian.us,https://bragoddess.com/lushfitting?--content-version=4im3iklombh2n4dn1r1xfu7kj_0,A,RMKT,,bragoddess.com,Bra,LushFitting3,Version note 1,v9.2 - no DMCA + đổi màu Pure Beige,1549,1408,333,251,196,158,11,,,6613,24,708,3470,1943,398
iho@crossian.us,https://bragoddess.com/lushybum?--content-version=8enug8lpwudb104xzj98cne0_0,A,RMKT,,bragoddess.com,Panties,LushyBum,Version note 1,v3.0 - Winter theme (dup 2.1) - current running,147,125,29,18,13,11,,,,429,2,80.0,185,168,25.4
iho@crossian.us,https://bragoddess.com/mirahug?--content-version=5dg084i7ggjsvuj7z2kptxeaa_0,A,RMKT,,bragoddess.com,Bra,MiraHug,Version note 1,v1.5 - Enhance variant's color,1436,1153,274,188,149,125,5,,,4890,21,706,2441,1550,307
iho@crossian.us,https://bragoddess.com/moonabra?--content-version=6ucngmn1nau0ukn041464bk5j_0,A,RMKT,,bragoddess.com,Bra,Moona Bra 2,Version note 1,v2-8.0. No DMCA (Fix v2-4.1. No DMCA cũ),896,708,146,117,99,76,2,,,2640,10,275,1350,796,164
iho@crossian.us,https://bragoddess.com/nakedge?--content-version=uki0w0el4mkhol4u70jrg6f9_0,A,RMKT,,bragoddess.com,Bra,Nakedge,Version note 1,Q2.1 - New bundles (Quantity),16,,,,,,,,,,,,,,
iho@crossian.us,https://bragoddess.com/posybra?--content-version=3e6xb5fy394heweqcfkdnfmly_0,A,RMKT,,bragoddess.com,Bra,Posy Bra,Version note 1,"V3.1 - Enhance variants, change model visual",656,576,136,117,92,79,2,,,3189,9,300,1677,938,186
iho@crossian.us,https://bragoddess.com/posybra?--content-version=48ozz8ss540a12ymtwi8peu83_0,A,RMKT,,bragoddess.com,Bra,Posy Bra,Version note 1,"V3.1 - Enhance variants, change model visual",24,14,1,,1,1,1,,,42.7,0,0,25.0,10.9,1.73
iho@crossian.us,https://bragoddess.com/posybra?--content-version=48ozz8ss540a12ymtwi8peu83_2,C,RMKT,,bragoddess.com,Bra,Posy Bra,Version note 3,V6.0 - Moona concept + new 3D variants,1,6,,1,,,,,,,,,,,
iho@crossian.us,https://bragoddess.com/posybra_old4feb26?--content-version=48ozz8ss540a12ymtwi8peu83_0,A,RMKT,,bragoddess.com,Bra,Posy Bra,Version note 1,"V3.1 - Enhance variants, change model visual",3,3,,1,,,,,,,,,,,
iho@crossian.us,https://bragoddess.com/posybra_old4feb26?--content-version=48ozz8ss540a12ymtwi8peu83_2,C,RMKT,,bragoddess.com,Bra,Posy Bra,Version note 3,V6.0 - Moona concept + new 3D variants,3,3,,,1,0,,,,0,1,21.4,0,0,0
iho@crossian.us,https://bragoddess.com/queenebra?--content-version=em4y7bqy2mmkoyt2tdcejjqn_0,A,RMKT,,bragoddess.com,Bra,QueeneBra,Version note 1,v7.1 - updated gif to vid,4,,,,,,,,,,,,,,
iho@crossian.us,https://bragoddess.com/senobra?--content-version=1h9oc2pyrap14nyvsa7d7jo3a_0,A,RMKT,,bragoddess.com,Bra,Senobra,Version note 1,v5.1 (new sizing - old background),586,569,144,103,81,68,2,,,2425,7,134,1227,770,127
iho@crossian.us,https://bragoddess.com/senobra?--content-version=1h9oc2pyrap14nyvsa7d7jo3a_1,B,RMKT,,bragoddess.com,Bra,Senobra,Version note 2,v7.0 (enhanced models),53,114,30,21,16,13,,,,414,2,47.0,206,134,20.6
iho@crossian.us,https://bragoddess.com/serenabra?--content-version=mtqadj0wbcjtivcyliosne0u_0,A,RMKT,,bragoddess.com,Bra,Serena Bra 3,Version note 1,v4.0 (graphic enhance),261,244,48,39,19,15,,,,570,3,68.3,322,146,33.6
iho@crossian.us,https://bragoddess.com/shapecurvy?--content-version=46weruzlb70we3uhzymoykzyj_0,A,RMKT,,bragoddess.com,Bra,ShapeCurvy2,Version note 1,"v1.6 - v1.5, thay VAP thật và ảnh review thật",55,82,18,10,9,7,,,,291,1,36.8,154,84.8,16.2
iho@crossian.us,https://bragoddess.com/sleekhip?--content-version=3oju4eg82dhak2sxjeangfyk0_0,A,RMKT,,bragoddess.com,Panties,SleekHip,Version note 1,v3.1 - Combine page 1.1 & 3.0 (sz chart 1.1 + image 3.0),4,,,,,,,,,,,,,,
iho@crossian.us,https://bragoddess.com/smoothchicbra?--content-version=47ozq53xwgpk02oxscad3nvyv_0,A,RMKT,,bragoddess.com,Bra,SmoothChic Bra,Version note 1,v2.0 - graphic optimization (Quantity),3,,,,,,,,,,,,,,
iho@crossian.us,https://bragoddess.com/sofilace?--content-version=18h7r5x5hba83bmljd76nne6e_0,A,RMKT,,bragoddess.com,Panties,SofiLace,Version note 1,v1.0 - NFT,163,162,26,16,13,11,1,,,558,2,63.3,287,178,28.6
iho@crossian.us,https://bragoddess.com/sonashape?--content-version=1on4t1w9t2f3xcaiph9y08omg_0,A,RMKT,,bragoddess.com,Bra,SonaShape,Version note 1,v3.0 SonaShape (real samples),1239,1072,263,195,149,123,2,,,4576,15,343,2114,1640,249
iho@crossian.us,https://bragoddess.com/sonashape?--content-version=1on4t1w9t2f3xcaiph9y08omg_1,B,RMKT,,bragoddess.com,Bra,SonaShape,Version note 2,v4.0 SonaShape (enhanced visuals),26,46,8,8,8,5,,,,199,3,132,93.0,69.2,12.5
iho@crossian.us,https://bragoddess.com/uplacy?--content-version=65aoi0wevb6jph9fk8z3syefp_0,A,RMKT,,bragoddess.com,Bra,UpLacy 1.0,Version note 1,v3.2 - mở rộng bảng size,292,231,61,41,33,26,,,,883,7,119,395,319,55.7
iho@crossian.us,https://bragoddess.com/uplacy_old19jun25?--content-version=c21advbn0h5n7ccnuonv7ub5_0,A,RMKT,,bragoddess.com,Bra,UpLacy 1.0,Version note 1,UpLacy 1.0 - v1.1 (Black Friday content removed),2,,,,,,,,,,,,,,
iho@crossian.us,https://bragoddess.com/windybra?--content-version=46n616ohz2satov74mum3fh3l_0,A,RMKT,,bragoddess.com,Bra,WindyBra3,Version note 1,v3 - v1.0 - Revive,4,,,,,,,,,,,,,,
iho@crossian.us,https://bragoddess.com/zenalift?--content-version=4hnj23tka9gpsq1obalfajwf_0,A,RMKT,,bragoddess.com,Bra,ZenaLift,Version note 1,v3.1 - Black Friday banner & Sale Title added,626,696,180,130,97,83,1,,,2860,12,249,1331,989,169
iho@crossian.us,https://bragoddess.com/zenchicbra?--content-version=32drnn2hy40npgexvyu4cu69p_0,A,RMKT,,bragoddess.com,Bra,ZenChic Bra3,Version note 1,v1.3 -điều chỉnh lại bảng size,1176,1047,277,190,153,135,3,,,5622,10,335,3037,1596,322
iho@crossian.us,https://bragoddess.com/ziplacy?--content-version=29nwqp1si6enzjkie74x8fnz1_0,A,RMKT,,bragoddess.com,Bra,ZipLacy,Version note 1,v2.1 ZipLacy (enhanced USPs),985,706,200,157,135,107,7,,,4056,18,578,1990,1327,232
iho@crossian.us,https://bragoddess.com/ziplacy?--content-version=29nwqp1si6enzjkie74x8fnz1_1,B,RMKT,,bragoddess.com,Bra,ZipLacy,Version note 2,v4.0 ZipLacy (1st image Comfort),127,263,42,31,27,24,,,,1142,2,48.1,631,302,75.9
iho@crossian.us,https://bragoddess.com/zoeshape?--content-version=58vtgd039w6bbhw06s3ygs86_0,A,RMKT,,bragoddess.com,Bra,ZoeShape,Version note 1,V1.1 - Thêm Sale Banner + Short Description,666,502,91,58,45,39,2,,,1870,4,148,1034,498,121
iho@crossian.us,https://gentslux.com/airflexion?--content-version=3edaiqh7cb7s6g1cyaphvl9kx_0,A,RMKT,,gentslux.com,Pant,AirFlexion,Version note 1,V1.2 - Sale size 28 -> 62,78,70,14,12,4,4,,,,438,0,0,241,127,22.2
iho@crossian.us,https://gentslux.com/airflexion?--content-version=3edaiqh7cb7s6g1cyaphvl9kx_2,C,RMKT,,gentslux.com,Pant,AirFlexion,Version note 3,"v4.1 - Winter enhanced (đổi BG ấm hơn, grading lại color pants)",1,20,,,,,,,,,,,,,
iho@crossian.us,https://gentslux.com/airflexion?--content-version=60tp6b3gtethmk3yekb9md8ib_0,A,RMKT,,gentslux.com,Pant,AirFlexion,Version note 1,V1.2 - Sale size 28 -> 62,1373,1253,112,73,61,50,3,,,3486,8,367,1885,987,225
iho@crossian.us,https://gentslux.com/airflexion_old4feb26?--content-version=3edaiqh7cb7s6g1cyaphvl9kx_0,A,RMKT,,gentslux.com,Pant,AirFlexion,Version note 1,V1.2 - Sale size 28 -> 62,11,11,,,,,,,,,,,,,
iho@crossian.us,https://gentslux.com/airflexion_old4feb26?--content-version=3edaiqh7cb7s6g1cyaphvl9kx_2,C,RMKT,,gentslux.com,Pant,AirFlexion,Version note 3,"v4.1 - Winter enhanced (đổi BG ấm hơn, grading lại color pants)",2,2,,,,,,,,,,,,,
iho@crossian.us,https://gentslux.com/easeflexor?--content-version=81z58jimm4ebegj5zvagrini_0,A,RMKT,,gentslux.com,Pant,EaseFlexor,Version note 1,"v4.2 – Enhance visual v4.0. Target: Male, Men’s size chart",668,705,117,94,83,72,1,,,3646,7,215,1321,1670,209
iho@crossian.us,https://gentslux.com/easeflexor_old29jan26?--content-version=3j0evzl6bg96f3f2m448h1g22_0,A,RMKT,,gentslux.com,Pant,EaseFlexor,Version note 1,"v2.3. New size chart - May 29, 2024",1,1,,,,,,,,,,,,,
iho@crossian.us,https://gentslux.com/easemotions?--content-version=1l5q4dxt4ukvsep9w3g448bgk_0,A,RMKT,,gentslux.com,Pant,EaseMotions,Version note 1,v1.0 NFT,1071,1065,196,151,121,95,2,,,5025,18,748,2074,2049,304
iho@crossian.us,https://gentslux.com/easemotions?--content-version=1l5q4dxt4ukvsep9w3g448bgk_1,B,RMKT,,gentslux.com,Pant,EaseMotions,Version note 2,v2.0 (winter concept),1,14,,,,,,,,,,,,,
iho@crossian.us,https://gentslux.com/easetactic?--content-version=136uu7hupwpt4pp1qjhi3a1q4_0,A,RMKT,,gentslux.com,Pant,EaseTactic,Version note 1,v3.1: merge 1st image của page v3.0 + các ảnh USP page v1.2,822,119,16,16,10,8,1,,,400,2,64.3,188,146,17.4
iho@crossian.us,https://gentslux.com/easetactic?--content-version=136uu7hupwpt4pp1qjhi3a1q4_1,B,RMKT,,gentslux.com,Pant,EaseTactic,Version note 2,"v4.1: fall/winter theme, bỏ %off ở variants",195,789,105,78,67,54,,,,2881,10,502,1291,1069,177
iho@crossian.us,https://gentslux.com/fleeceactive?--content-version=3993thwgf344hwa0k50x4nv3c_0,A,RMKT,,gentslux.com,Pant,FleeceActive2,Version note 1,V3.2 Fix Contract,12,,,,,,,,,,,,,,
iho@crossian.us,https://gentslux.com/flexcamo?--content-version=4hmck9jeexnhsik01rqi8q8sw_0,A,RMKT,,gentslux.com,Pant,FlexCamo3,Version note 1,V3.7 - Open 3 waist size & Add 2 colors Beige & Light Gray & Final Material,246,1,,,,,2,,,,,,,,
iho@crossian.us,https://gentslux.com/flexcamo?--content-version=4hmck9jeexnhsik01rqi8q8sw_1,B,RMKT,,gentslux.com,Pant,FlexCamo3,Version note 2,v3.9.1 - Page v3.9 add 6 small waist to clear stock only,48,149,38,24,21,16,,,,1132,2,101,502,451,47.5
iho@crossian.us,https://gentslux.com/flexcamo?--content-version=4hmck9jeexnhsik01rqi8q8sw_2,C,RMKT,,gentslux.com,Pant,FlexCamo3,Version note 3,v3.10 - Winter outfits + sale Variants + add 6 small waist to clear stock only,28,120,18,10,10,9,,,,590,0,0,264,225,32.6
iho@crossian.us,https://gentslux.com/flexcamo?--content-version=5236yxemhjgir07kj3biqof1m_0,A,RMKT,,gentslux.com,Pant,FlexCamo3,Version note 1,v3.9.1 - Page v3.9 add 6 small waist to clear stock only,3460,3242,573,414,338,282,7,,,18511,36,1621,7031,8122,1163
iho@crossian.us,https://gentslux.com/flexcamo_old4feb26?--content-version=4hmck9jeexnhsik01rqi8q8sw_1,B,RMKT,,gentslux.com,Pant,FlexCamo3,Version note 2,v3.9.1 - Page v3.9 add 6 small waist to clear stock only,16,16,,,,,,,,,,,,,
iho@crossian.us,https://gentslux.com/flexcomfy?--content-version=1p90ikqe86xuyl5hb47q7bhpn_0,A,RMKT,,gentslux.com,Pant,FlexComfy,Version note 1,v3.0 - Younger model,8,,,,,,,,,,,,,,
iho@crossian.us,https://gentslux.com/flexcozy?--content-version=2bv34drdwz53kck5rr5kmovce_0,A,RMKT,,gentslux.com,Pant,FlexCozy,Version note 1,v3.0 (đổi màu Olive Green -> Muted Brown),1,,,,,,,,,,,,,,
iho@crossian.us,https://gentslux.com/flexrover?--content-version=1j8b08s9qht5ons2kny4vawqj_0,A,RMKT,,gentslux.com,Pant,FlexRover,Version note 1,v5.0: Fall Styling,201,170,15,9,7,7,,,,414,0,0,175,167,24.1
iho@crossian.us,https://gentslux.com/gentclassic?--content-version=10ozt8m05g5upwe6mg6arxg6y_0,A,RMKT,,gentslux.com,T-shirt,GentClassic2,Version note 1,v2.0 - USPs Enhanced,2,,,,,,,,,,,,,,
iho@crossian.us,https://gentslux.com/gentsflex?--content-version=3pq288jq9fxlxa9zwqgirs9ne_0,A,RMKT,,gentslux.com,Pant,GentsFlex,Version note 1,V1.2: Odd Inseams,12,6,,,,,,,,,,,,,
iho@crossian.us,https://gentslux.com/glideactive?--content-version=2uxlp5mdxy2ruppkhtjh6o6ck_0,A,RMKT,,gentslux.com,Pant,GlideActive,Version note 1,v1.1 - Add Features,476,378,17,8,5,5,,,,300,0,0,104,138,21.6
iho@crossian.us,https://gentslux.com/glideactive?--content-version=2uxlp5mdxy2ruppkhtjh6o6ck_1,B,RMKT,,gentslux.com,Pant,GlideActive,Version note 2,v5.0 - Winter Theme,3,18,1,1,,,,,,,,,,,
iho@crossian.us,https://gentslux.com/glideactive_old3dec25?--content-version=3uheedpya8yhg39kfmx9rielq_0,A,RMKT,,gentslux.com,Pant,GlideActive,Version note 1,v1.1 - Add Features,1,1,,,,,,,,,,,,,
iho@crossian.us,https://gentslux.com/glidepants?--content-version=5h0ih1dc2kdrkhk77viubm2mp_0,A,RMKT,,gentslux.com,Pant,GlidePants2,Version note 1,v4.0 NO DMCA New Season,101,68,,,,,1,,,,,,,,
iho@crossian.us,https://gentslux.com/harveyshirts?--content-version=2cle639o85y4fca0pmlu8oljc_0,A,RMKT,,gentslux.com,T-shirt,Harvey Shirts 2,Version note 1,V2.0 - Chuyển từ product code cũ sang,11,,,,,,1,,,,,,,,
iho@crossian.us,https://gentslux.com/hunkywear?--content-version=kp3wbgjn9hbg385rco79x735_0,A,RMKT,,gentslux.com,T-shirt,HunkyWear3,Version note 1,v4.0 - New graphics,122,,,,,,,,,,,,,,
iho@crossian.us,https://gentslux.com/icedactive?--content-version=3swpvdn4y9p1fgugz5p9hcm8q_0,A,RMKT,,gentslux.com,Pant,IcedActive,Version note 1,V2.1 Unisex (Fix DMCA),4,,,,,,,,,,,,,,
iho@crossian.us,https://gentslux.com/icyshorts?--content-version=2il5b2qaup596sx35uafo5xqs_0,A,RMKT,,gentslux.com,Pant,Icy Shorts,Version note 1,"v7.1.1 (more unisex, fix lại màu variant)",45,32,9,6,8,8,,,,371,1,28.3,169,135,23.5
iho@crossian.us,https://gentslux.com/jettjeans?--content-version=2qzimgf0v6y64ocvu4hewkdt3_0,A,RMKT,,gentslux.com,Pant,JettJeans3,Version note 1,"v11.2: Add Gray, Brown",4767,4186,821,603,503,436,9,,,25498,51,2283,11048,9784,1564
iho@crossian.us,https://gentslux.com/jettjeans?--content-version=2qzimgf0v6y64ocvu4hewkdt3_1,B,RMKT,,gentslux.com,Pant,JettJeans3,Version note 2,v13.0: new visual 22.11.25,57,193,36,25,20,18,,,,1235,0,0,581,424,86.1
iho@crossian.us,https://gentslux.com/meshirons?--content-version=2hq11yl5j6gji3j67vzrw3ht6_0,A,RMKT,,gentslux.com,Pant,MeshIrons,Version note 1,v1.0 - NFT,627,571,59,44,35,29,1,,,1498,2,79.6,538,685,91.5
iho@crossian.us,https://gentslux.com/modenease?--content-version=37oyc6jih78jdwawvxis8roap_0,A,RMKT,,gentslux.com,Pant,ModenEase,Version note 1,v1.1: thêm 7-8XL,1019,887,94,64,56,48,,,,3226,4,341,1758,905,205
iho@crossian.us,https://gentslux.com/modenease?--content-version=37oyc6jih78jdwawvxis8roap_1,B,RMKT,,gentslux.com,Pant,ModenEase,Version note 2,v3.0: Winter/fall,8,22,1,1,,,,,,,,,,,
iho@crossian.us,https://gentslux.com/motionsmax?--content-version=64hw1ew5zh7foln22ebmnygzd_0,A,RMKT,,gentslux.com,Pant,MotionsMax,Version note 1,v1.1.3 - Updated variant colors,15,,,,,,,,,,,,,,
iho@crossian.us,https://gentslux.com/multipants?--content-version=1tmrolck9pjgs8rahaixmtgfm_0,A,RMKT,,gentslux.com,Pant,MultiPants2,Version note 1,v3.0 New Size Chart (number sizes),840,789,113,82,78,65,3,,,3588,7,484,1738,1220,215
iho@crossian.us,https://gentslux.com/multipants?--content-version=6c9a3pj8d5jt42n4t2sxmfmuz_0,A,RMKT,,gentslux.com,Pant,MultiPants2,Version note 1,v1.6 Visual Enhancement No DMCA,206,1,,,,,1,,,,,,,,
iho@crossian.us,https://gentslux.com/multipants?--content-version=6c9a3pj8d5jt42n4t2sxmfmuz_1,B,RMKT,,gentslux.com,Pant,MultiPants2,Version note 2,v3.0 New Size Chart (number sizes),32,106,19,15,13,14,,,,789,0,0,392,262,45.0
iho@crossian.us,https://gentslux.com/multipants?--content-version=6c9a3pj8d5jt42n4t2sxmfmuz_2,C,RMKT,,gentslux.com,Pant,MultiPants2,Version note 3,v6.0 - Winter,27,100,12,8,5,5,,,,339,0,0,173,109,19.4
iho@crossian.us,https://gentslux.com/multipants_old4feb26?--content-version=6c9a3pj8d5jt42n4t2sxmfmuz_1,B,RMKT,,gentslux.com,Pant,MultiPants2,Version note 2,v3.0 New Size Chart (number sizes),2,2,,,,,,,,,,,,,
iho@crossian.us,https://gentslux.com/oldenease?--content-version=5khiln810rmk8lwime5smq1gr_0,A,RMKT,,gentslux.com,Pant,OldenEase,Version note 1,v1.0 - NFT,601,131,19,10,7,7,2,,,352,0,0,188,105,17.1
iho@crossian.us,https://gentslux.com/oldenease?--content-version=5khiln810rmk8lwime5smq1gr_1,B,RMKT,,gentslux.com,Pant,OldenEase,Version note 2,v1.3.1 - Enhanced USPs,133,553,83,48,42,38,,,,2535,3,106,1270,804,165
iho@crossian.us,https://gentslux.com/sleekcomfy?--content-version=4u2aebec2p2pzve2x32rnf3si_0,A,RMKT,,gentslux.com,Pant,SleekComfy,Version note 1,v2.0 - Remake,13,,,,,,,,,,,,,,
iho@crossian.us,https://gentslux.com/slimboxers?--content-version=7jqtoj1hcqddjbgujaygn6uht_0,A,RMKT,,gentslux.com,Shapewear,SlimBoxers2,Version note 1,Q4.0 - New graphics (quantity),128,,,,,,,,,,,,,,
iho@crossian.us,https://gentslux.com/steelstitch?--content-version=1puk1qtuuv5s94t6v08w98yaq_0,A,RMKT,,gentslux.com,Pant,SteelStitch,Version note 1,V1.2 - Add promotion to page v1.1,23,7,,,,,,,,,,,,,
iho@crossian.us,https://gentslux.com/stretchactive?--content-version=fcz91lj311sexhjf4zk9ek6v_0,A,RMKT,,gentslux.com,Pant,StretchActive3,Version note 1,v5.2 - Unisex/2 model variants,1546,1102,121,81,69,58,6,,,2798,7,292,1283,998,184
iho@crossian.us,https://gentslux.com/stretchmotions?--content-version=1o3oblrvgr5cui6hmoqra3ei9_0,A,RMKT,,gentslux.com,Pant,StretchMotions,Version note 1,v3.0 - New Visual,377,366,63,51,49,35,3,,,2257,5,207,968,898,129
iho@crossian.us,https://gentslux.com/stridecomfy?--content-version=5xj4hls8hfysyk8kmj12cd2nu_0,A,RMKT,,gentslux.com,Pant,StrideComfy,Version note 1,v1.1.3 NO DMCA + Odd Sizes and Inseams,11,,,,,,,,,,,,,,
iho@crossian.us,https://gentslux.com/tactishirt?--content-version=1qaclo3bf8qprlvfz9zfxwrzd_0,A,RMKT,,gentslux.com,T-shirt,TactiShirt,Version note 1,"v2.0 - Added long-sleeve version, testing 3 buttons",345,294,47,40,24,21,,,,1138,1,24.8,412,512,71.6
iho@crossian.us,https://gentslux.com/tactishirt?--content-version=1qaclo3bf8qprlvfz9zfxwrzd_1,B,RMKT,,gentslux.com,T-shirt,TactiShirt,Version note 2,v2.1 - Winter theme / Long sleeve models only,28,46,3,,,,,,,,,,,,
iho@crossian.us,https://gentslux.com/timelessflex?--content-version=19tif7kvb32u9e7njw00bdcvz_0,A,RMKT,,gentslux.com,Pant,TimelessFlex,Version note 1,v1.4 - FC thêm màu Brown và Classic Blue,512,505,161,142,119,95,2,,,4708,13,452,1725,2081,300
iho@crossian.us,https://gentslux.com/timelessflex?--content-version=3s2jbq5p7b3bv4lv9q4xc7qbn_0,A,RMKT,,gentslux.com,Pant,TimelessFlex,Version note 1,v1.4 - FC thêm màu Brown và Classic Blue,362,258,75,63,48,42,1,,,2280,6,311,972,885,144
iho@crossian.us,https://gentslux.com/timelessflex?--content-version=3s2jbq5p7b3bv4lv9q4xc7qbn_2,C,RMKT,,gentslux.com,Pant,TimelessFlex,Version note 3,"v4.1 - Winter theme, add %off vào variants",51,123,25,21,16,14,,,,808,1,26.7,355,312,41.6
iho@crossian.us,https://gentslux.com/timelessflex_old19feb26?--content-version=3s2jbq5p7b3bv4lv9q4xc7qbn_0,A,RMKT,,gentslux.com,Pant,TimelessFlex,Version note 1,v1.4 - FC thêm màu Brown và Classic Blue,2,2,,1,,0,,,,0,1,23.7,0,0,0
iho@crossian.us,https://gentslux.com/timelessflex_old19feb26?--content-version=3s2jbq5p7b3bv4lv9q4xc7qbn_2,C,RMKT,,gentslux.com,Pant,TimelessFlex,Version note 3,"v4.1 - Winter theme, add %off vào variants",1,1,,,1,0,,,,0,1,41.7,0,0,0
iho@crossian.us,https://gentslux.com/timelessform?--content-version=7hyb5jddhxfu55l6nja1k5sfw_0,A,RMKT,,gentslux.com,Pant,TimelessForm,Version note 1,v4.0 - New Concept,1,,,,,,,,,,,,,,
iho@crossian.us,https://gentslux.com/ventyflex?--content-version=1m20451tjxk0nhd9y5y0drzl1_0,A,RMKT,,gentslux.com,T-shirt,VentyFlex2,Version note 1,v2.0 - 2024 Revive,157,,,,,,,,,,,,,,
iho@crossian.us,https://luxfitting.com/airychic?--content-version=3h1g0fx7ir195a4guefd6brr5_0,A,RMKT,,luxfitting.com,Pant,AiryChic,Version note 1,V2.0 - Older model + Added USP,1,,,,,,,,,,,,,,
iho@crossian.us,https://luxfitting.com/airygrace?--content-version=1xfmcio2ihq9g6d5zbk7umk8z_0,A,RMKT,,luxfitting.com,Pant,AiryGrace,Version note 1,"v1.2 - fall/winter theme, enhance styling, add ảnh promote upsell, add 70% off vào title",638,654,102,77,66,58,,,,2830,6,211,1258,1026,195
iho@crossian.us,https://luxfitting.com/arcticshorts?--content-version=249sie1icvun2l37t59zgzy81_0,A,RMKT,,luxfitting.com,Pant,Arctic Shorts,Version note 1,v2.0 unisex,6,,,,,,,,,,,,,,
iho@crossian.us,https://luxfitting.com/camibloom?--content-version=5qj9h2e3wp1hjlgdb0or7q7tz_0,A,RMKT,,luxfitting.com,Dress,CamiBloom 2,Version note 1,vC2-3.1. Fix DMCA - Content vC2-2.1,84,,,,,,,,,,,,,,
iho@crossian.us,https://luxfitting.com/comfiella?--content-version=6r0gafkrqorihdax6xwywhmh8_0,A,RMKT,,luxfitting.com,Pant,Comfiella,Version note 1,v1.3: Nghiệm thu,3,,,,,,,,,,,,,,
iho@crossian.us,https://luxfitting.com/comfijeans?--content-version=1jetorrlq9qbkj5gywbt1w6gy_0,A,RMKT,,luxfitting.com,Pant,ComfiJeans,Version note 1,v2.0 - update ảnh USP,424,438,60,46,39,31,,,,1535,4,185,628,625,93.0
iho@crossian.us,https://luxfitting.com/comfitank?--content-version=2qwqv27njxp8wqtiw67saw9xq_0,A,RMKT,,luxfitting.com,T-shirt,Comfitank3,Version note 1,v1.0 - For RMKT,23,,,,,,,,,,,,,,
iho@crossian.us,https://luxfitting.com/curvyflair?--content-version=5upg5q59w0i6564cwkszu3j4w_0,A,RMKT,,luxfitting.com,Pant,CurvyFlair,Version note 1,Q5.0 - New graphics,1,,,,,,,,,,,,,,
iho@crossian.us,https://luxfitting.com/easeflair?--content-version=1rhohhqysg3co9bksoqhrfg3k_0,A,RMKT,,luxfitting.com,Pant,EaseFlair,Version note 1,v1.1 Add Navy & Khaki,4,,,,,,,,,,,,,,
iho@crossian.us,https://luxfitting.com/easeflexor?--content-version=4kbk4v41onzf5o7ax5z2o0f48_0,A,RMKT,,luxfitting.com,Pant,EaseFlexor,Version note 1,"v2.3. New size chart - May 29, 2024",119,99,,,,,,,,,,,,,
iho@crossian.us,https://luxfitting.com/easetrousers?--content-version=40hz7bea5leiycvkrcdentvlu_0,A,RMKT,,luxfitting.com,Pant,EaseTrousers,Version note 1,"v4.0 - Casual, comfort target",61,44,,,,,,,,,,,,,
iho@crossian.us,https://luxfitting.com/ellaflow?--content-version=6wdaf8e5eqdtxbjdireqc22jr_0,A,RMKT,,luxfitting.com,Pant,EllaFlow,Version note 1,v2.0 - Fall/Winter theme,226,238,33,20,16,15,,,,737,0,0,316,298,32.8
iho@crossian.us,https://luxfitting.com/femijeans?--content-version=4zog4r6m66q9yws720t7rebsf_0,A,RMKT,,luxfitting.com,Pant,FemiJeans,Version note 1,v2.0 - change persona,66,1,,,,,,,,,,,,,
iho@crossian.us,https://luxfitting.com/fleeceactive?--content-version=3d0lb2u02cslcc5pvrhejf5ai_0,A,RMKT,,luxfitting.com,Pant,FleeceActive2,Version note 1,V3.2 Fix Contract,1,,,,,,,,,,,,,,
iho@crossian.us,https://luxfitting.com/fleecesox?--content-version=4cpbr2qyffr9jp9268gq6c5id_0,A,RMKT,,luxfitting.com,Accessories,FleeceSox,Version note 1,v1.0 NFT,1,,,,,,,,,,,,,,
iho@crossian.us,https://luxfitting.com/flexcozy?--content-version=5hgxk7657f9e0pvq38wmc9zh0_0,A,RMKT,,luxfitting.com,Pant,FlexCozy,Version note 1,v3.0 (đổi màu Olive Green -> Muted Brown),568,548,23,15,10,7,2,,,351,1,80.2,114,173,18.6
iho@crossian.us,https://luxfitting.com/flexipants?--content-version=6a3qkt38ckjace5zb2w4ccn14_0,A,RMKT,,luxfitting.com,Pant,FlexiPants2,Version note 1,"v2.4: size mới 28_Aug, lùi mapping 1 core size, bổ sung size XS, 4XL, 5XL",13,,,,,,,,,,,,,,
iho@crossian.us,https://luxfitting.com/flowycharm?--content-version=6dqky6awzyvjq928s3w4yaegc_0,A,RMKT,,luxfitting.com,Pant,FlowyCharm,Version note 1,v1.1 - Remove Ocean Blue + No DMCA,162,183,20,6,8,6,,,,279,1,33.9,143,88.4,15
iho@crossian.us,https://luxfitting.com/glammere?--content-version=1rlr5ltcsn4zmcvqdbebru3k8_0,A,RMKT,,luxfitting.com,Accessories,Glammere 2,Version note 1,v2 - v4.3 (optimized USP + description),17,,,,,,,,,,,,,,
iho@crossian.us,https://luxfitting.com/glamorease?--content-version=6pezje0qe393h106wqtspmcjb_0,A,RMKT,,luxfitting.com,Pant,GlamorEase,Version note 1,v1.2 - Add XS-S,418,417,57,40,23,22,,,,1054,0,0,457,406,57.8
iho@crossian.us,https://luxfitting.com/glamorease?--content-version=6pezje0qe393h106wqtspmcjb_1,B,RMKT,,luxfitting.com,Pant,GlamorEase,Version note 2,v3.0: Fall/Winter,1,1,,,,,,,,,,,,,
iho@crossian.us,https://luxfitting.com/glidepants?--content-version=kzqm70jpykigv9p8jpfsbwzm_0,A,RMKT,,luxfitting.com,Pant,GlidePants2,Version note 1,v4.0 NO DMCA New Season,43,35,,,,,,,,,,,,,
iho@crossian.us,https://luxfitting.com/icedactive?--content-version=30khe3h5lwynxyptoh20zhqvs_0,A,RMKT,,luxfitting.com,Pant,IcedActive,Version note 1,V4.0 New Colors,18,,,,,,,,,,,,,,
iho@crossian.us,https://luxfitting.com/icyshorts?--content-version=5mtat1dfu90sjb9gr5v6vaq2z_0,A,RMKT,,luxfitting.com,Pant,Icy Shorts,Version note 1,"v7.1.1 (more unisex, fix lại màu variant)",155,189,51,40,33,30,,,,1340,1,29.1,599,505,73.0
iho@crossian.us,https://luxfitting.com/janisie?--content-version=3usvss69qfq4y18dx8fygvyh0_0,A,RMKT,,luxfitting.com,Dress,Janisie2,Version note 1,Ver 2.3 - v2.2 thêm 3 variants mới,88,,,,,,1,,,,,,,,
iho@crossian.us,https://luxfitting.com/letteryshirt?--content-version=1ssv9tabzshzu8djg4mtxy28t_0,A,RMKT,,luxfitting.com,T-shirt,LetteryShirt,Version note 1,"v2.0: ảnh variant mới, enhance 1st image+descriptions",3,,,,,,,,,,,,,,
iho@crossian.us,https://luxfitting.com/lilymiss?--content-version=2x69e878dem5fhcff999colz5_0,A,RMKT,,luxfitting.com,Dress,LilyMiss,Version note 1,v3.0. Add 4 new colors,2,,,,,,,,,,,,,,
iho@crossian.us,https://luxfitting.com/loragrace?--content-version=62l59pypmm5l8nedm9l74yqq2_0,A,RMKT,,luxfitting.com,Pant,LoraGrace,Version note 1,v1.1 -winter adapt,247,231,20,11,10,9,,,,718,1,29.0,365,232,40.0
iho@crossian.us,https://luxfitting.com/maldila?--content-version=47sxorjvllqk7ycs3pp3dw6pt_0,A,RMKT,,luxfitting.com,Dress,Maldila,Version note 1,v4.0 (Clear stock bundles),49,,,,,,,,,,,,,,
iho@crossian.us,https://luxfitting.com/miraflair?--content-version=7ahgkh4yrx0a9ra7ftr5m0ywj_0,A,RMKT,,luxfitting.com,Pant,MiraFlair,Version note 1,v2.0 - adapt new color,149,165,10,10,4,3,,,,124,0,0,60.5,43.5,4.88
iho@crossian.us,https://luxfitting.com/shapedenim?--content-version=67fgpzer493pfk826to4p92t_0,A,RMKT,,luxfitting.com,Pant,ShapeDenim3,Version note 1,v3 - 3.0 NPV,64,,,,,,1,,,,,,,,
iho@crossian.us,https://luxfitting.com/softglamor?--content-version=20twbttxw8k7kl6tv6s4nzduu_0,A,RMKT,,luxfitting.com,Pant,SoftGlamor,Version note 1,"v1.2 - comfort focused, old background",138,128,12,7,7,7,,,,426,0,0,246,113,18.5
iho@crossian.us,https://luxfitting.com/softygrace?--content-version=2w9k3vnzo7m4tmp36rp1qe3xl_0,A,RMKT,,luxfitting.com,Pant,SoftyGrace,Version note 1,v1.0 - NFT,421,35,7,3,4,2,1,,,138,2,76.0,77.9,42.3,1.75
iho@crossian.us,https://luxfitting.com/softygrace?--content-version=2w9k3vnzo7m4tmp36rp1qe3xl_1,B,RMKT,,luxfitting.com,Pant,SoftyGrace,Version note 2,"v2.0 - Winter Concept, add sale to variants",107,484,96,69,58,50,,,,2412,6,238,1017,947,149
iho@crossian.us,https://luxfitting.com/soraease?--content-version=67y7dqw0gxlncfnhbp9u4nx8p_0,A,RMKT,,luxfitting.com,Pant,SoraEase,Version note 1,v2.0 - Fall theme + Sale Banner,242,237,13,9,10,8,2,,,512,1,32.3,239,181,30.2
iho@crossian.us,https://luxfitting.com/soragrace?--content-version=5cp81g732n403mrrk9aw1ob8x_0,A,RMKT,,luxfitting.com,Pant,SoraGrace,Version note 1,v5.0 - Fall/Winter,182,196,13,10,5,5,1,,,297,0,0,140,105,16.7
iho@crossian.us,https://luxfitting.com/stretchactive?--content-version=5opnnkhubf2esov42bp9d4j3w_0,A,RMKT,,luxfitting.com,Pant,StretchActive3,Version note 1,v12.0 - styling - focused visual,1289,1191,294,220,188,158,4,,,8253,21,820,3842,2924,512
iho@crossian.us,https://santafare.com/bespokemark?--content-version=2rhtmbz7e773hrjqw3j0cmhdj_0,A,RMKT,,santafare.com,Accessories,Bespokemark,Version note 1,v10.0 -New visuals,55,26,,,,,,,,,,,,,
iho@crossian.us,https://santafare.com/bloomyline?--content-version=33u9dexqriz81mhf01cvzikeb_0,A,RMKT,,santafare.com,Accessories,Bloomy Line,Version note 1,v4.4. Add USP Use as a card - Presentation - Accessories,201,84,,,,,1,,,,,,,,
iho@crossian.us,https://santafare.com/bookishine?--content-version=ygxge9fzjni4ig5kj8dxktom_0,A,RMKT,,santafare.com,Accessories,Bookishine,Version note 1,V1.0 - NFT,32,,,,,,,,,,,,,,
iho@crossian.us,https://santafare.com/bygonemark?--content-version=6g26cj3epn5zhqmke4w6iuhyw_0,A,RMKT,,santafare.com,Accessories,BygoneMark,Version note 1,v1.1 - New visuals,582,714,145,102,86,78,2,,,3602,6,126,2232,757,253
iho@crossian.us,https://santafare.com/bygonemark?--content-version=6g26cj3epn5zhqmke4w6iuhyw_1,B,RMKT,,santafare.com,Accessories,BygoneMark,Version note 2,v4.0 - New visuals / Olive Green BG,1,7,,,,,,,,,,,,,
iho@crossian.us,https://santafare.com/cardcarie?--content-version=2gawgcch1956f1xtd0qvrkey8_0,A,RMKT,,santafare.com,Accessories,CardCarie,Version note 1,v1.6 NFT Revive,50,,,,,,,,,,,,,,
iho@crossian.us,https://santafare.com/pouchic?--content-version=1de41h3536sc5bio4fgnjvmy1_0,A,RMKT,,santafare.com,Accessories,Pouchic2,Version note 1,v9.1.1 - Announcement bar,1247,1456,248,173,138,118,4,,,3804,13,291,2308,832,261
iho@crossian.us,https://santafare.com/safecardy?--content-version=4omkx64m6tfsjv2qp83txjakt_0,A,RMKT,,santafare.com,Accessories,SafeCardy,Version note 1,v2.0 - USP optimised,6,,,,,,,,,,,,,,
iho@crossian.us,https://santafare.com/snowflake?--content-version=21ypkqncxqied0dt5ma0ulrud_0,A,RMKT,,santafare.com,Accessories,Snowflake2,Version note 1,v4.3 (treo biển),731,828,59,36,25,23,1,,,696,2,19,376,198,46
iho@crossian.us,https://santafare.com/timelessmark?--content-version=1ti0o9jowqu5ea5ts7mlz9uaf_0,A,RMKT,,santafare.com,Accessories,TimelessMark,Version note 1,v3.0 - new visuals,993,1099,174,136,97,83,5,,,2662,9,212,1531,689,159
iho@crossian.us,https://santafare.com/timelessmark?--content-version=1ti0o9jowqu5ea5ts7mlz9uaf_1,B,RMKT,,santafare.com,Accessories,TimelessMark,Version note 2,v6.0 - New visuals,3,19,2,,,,,,,,,,,,
iho@crossian.us,https://santafare.com/winkkey?--content-version=3pp2fzk3vxbbysif1n6vc4tsa_0,A,RMKT,,santafare.com,Accessories,WinkKey,Version note 1,V16.0 - 2025 New Concept,458,207,,,,,3,,,,,,,,